"TIME","GEO","UNIT","Value","Flag and Footnotes"
"2014","BE100","HAB_KM2","7,319.4",""
"2014","BE211","HAB_KM2","1,073.7",""
"2014","BE212","HAB_KM2","672.1",""
"2014","BE213","HAB_KM2","335.0",""
"2014","BE221","HAB_KM2","471.8",""
"2014","BE222","HAB_KM2","273.6",""
"2014","BE223","HAB_KM2","320.8",""
"2014","BE231","HAB_KM2","603.8",""
"2014","BE232","HAB_KM2","589.9",""
"2014","BE233","HAB_KM2","251.7",""
"2014","BE234","HAB_KM2","581.5",""
"2014","BE235","HAB_KM2","292.3",""
"2014","BE236","HAB_KM2","533.9",""
"2014","BE241","HAB_KM2","654.4",""
"2014","BE242","HAB_KM2","427.0",""
"2014","BE251","HAB_KM2","432.5",""
"2014","BE252","HAB_KM2","140.8",""
"2014","BE253","HAB_KM2","194.0",""
"2014","BE254","HAB_KM2","710.3",""
"2014","BE255","HAB_KM2","531.3",""
"2014","BE256","HAB_KM2","547.1",""
"2014","BE257","HAB_KM2","278.6",""
"2014","BE258","HAB_KM2","222.5",""
"2014","BE310","HAB_KM2","360.2",""
"2014","BE321","HAB_KM2","177.0",""
"2014","BE322","HAB_KM2","775.9",""
"2014","BE323","HAB_KM2","443.9",""
"2014","BE324","HAB_KM2","742.1",""
"2014","BE325","HAB_KM2","364.1",""
"2014","BE326","HAB_KM2","163.0",""
"2014","BE327","HAB_KM2","242.0",""
"2014","BE331","HAB_KM2","170.4",""
"2014","BE332","HAB_KM2","789.0",""
"2014","BE334","HAB_KM2","201.8",""
"2014","BE335","HAB_KM2","180.3",""
"2014","BE336","HAB_KM2","90.1",""
"2014","BE341","HAB_KM2","190.9",""
"2014","BE342","HAB_KM2","45.0",""
"2014","BE343","HAB_KM2","59.0",""
"2014","BE344","HAB_KM2","45.9",""
"2014","BE345","HAB_KM2","69.1",""
"2014","BE351","HAB_KM2","68.9",""
"2014","BE352","HAB_KM2","268.4",""
"2014","BE353","HAB_KM2","73.7",""
"2014","BG311","HAB_KM2","31.9",""
"2014","BG312","HAB_KM2","39.7",""
"2014","BG313","HAB_KM2","49.8",""
"2014","BG314","HAB_KM2","57.2",""
"2014","BG315","HAB_KM2","32.9",""
"2014","BG321","HAB_KM2","54.6",""
"2014","BG322","HAB_KM2","58.6",""
"2014","BG323","HAB_KM2","83.9",""
"2014","BG324","HAB_KM2","45.7",""
"2014","BG325","HAB_KM2","41.3",""
"2014","BG331","HAB_KM2","126.6",""
"2014","BG332","HAB_KM2","39.0",""
"2014","BG333","HAB_KM2","53.1",""
"2014","BG334","HAB_KM2","46.4",""
"2014","BG341","HAB_KM2","54.8",""
"2014","BG342","HAB_KM2","55.6",""
"2014","BG343","HAB_KM2","38.4",""
"2014","BG344","HAB_KM2","65.0",""
"2014","BG411","HAB_KM2","1,005.4",""
"2014","BG412","HAB_KM2","34.2",""
"2014","BG413","HAB_KM2","49.5",""
"2014","BG414","HAB_KM2","54.1",""
"2014","BG415","HAB_KM2","42.7",""
"2014","BG421","HAB_KM2","116.6",""
"2014","BG422","HAB_KM2","44.1",""
"2014","BG423","HAB_KM2","61.7",""
"2014","BG424","HAB_KM2","36.3",""
"2014","BG425","HAB_KM2","48.2",""
"2014","CZ010","HAB_KM2","2,577.6",""
"2014","CZ020","HAB_KM2","121.1",""
"2014","CZ031","HAB_KM2","66.2",""
"2014","CZ032","HAB_KM2","77.2",""
"2014","CZ041","HAB_KM2","92.4",""
"2014","CZ042","HAB_KM2","157.6",""
"2014","CZ051","HAB_KM2","140.8",""
"2014","CZ052","HAB_KM2","117.8",""
"2014","CZ053","HAB_KM2","115.9",""
"2014","CZ063","HAB_KM2","76.4",""
"2014","CZ064","HAB_KM2","166.4",""
"2014","CZ071","HAB_KM2","122.1",""
"2014","CZ072","HAB_KM2","149.7",""
"2014","CZ080","HAB_KM2","229.6",""
"2014","DK011","HAB_KM2","4,101.2",""
"2014","DK012","HAB_KM2","1,558.4",""
"2014","DK013","HAB_KM2","311.6",""
"2014","DK014","HAB_KM2","68.2",""
"2014","DK021","HAB_KM2","297.6",""
"2014","DK022","HAB_KM2","90.1",""
"2014","DK031","HAB_KM2","140.2",""
"2014","DK032","HAB_KM2","81.6",""
"2014","DK041","HAB_KM2","59.4",""
"2014","DK042","HAB_KM2","146.3",""
"2014","DK050","HAB_KM2","73.8",""
"2014","DE111","HAB_KM2","2,953.2",""
"2014","DE112","HAB_KM2","602.5",""
"2014","DE113","HAB_KM2","802.7",""
"2014","DE114","HAB_KM2","388.6",""
"2014","DE115","HAB_KM2","765.0",""
"2014","DE116","HAB_KM2","480.8",""
"2014","DE117","HAB_KM2","1,189.8",""
"2014","DE118","HAB_KM2","298.4",""
"2014","DE119","HAB_KM2","139.4",""
"2014","DE11A","HAB_KM2","126.9",""
"2014","DE11B","HAB_KM2","99.8",""
"2014","DE11C","HAB_KM2","204.8",""
"2014","DE11D","HAB_KM2","203.7",""
"2014","DE121","HAB_KM2","382.6",""
"2014","DE122","HAB_KM2","1,772.6",""
"2014","DE123","HAB_KM2","403.2",""
"2014","DE124","HAB_KM2","309.8",""
"2014","DE125","HAB_KM2","1,433.8",""
"2014","DE126","HAB_KM2","2,130.5",""
"2014","DE127","HAB_KM2","126.1",""
"2014","DE128","HAB_KM2","505.6",""
"2014","DE129","HAB_KM2","1,209.4",""
"2014","DE12A","HAB_KM2","190.9",""
"2014","DE12B","HAB_KM2","336.7",""
"2014","DE12C","HAB_KM2","132.3",""
"2014","DE131","HAB_KM2","1,446.0",""
"2014","DE132","HAB_KM2","184.1",""
"2014","DE133","HAB_KM2","234.8",""
"2014","DE134","HAB_KM2","224.7",""
"2014","DE135","HAB_KM2","176.4",""
"2014","DE136","HAB_KM2","200.8",""
"2014","DE137","HAB_KM2","182.4",""
"2014","DE138","HAB_KM2","356.6",""
"2014","DE139","HAB_KM2","277.8",""
"2014","DE13A","HAB_KM2","146.6",""
"2014","DE141","HAB_KM2","253.7",""
"2014","DE142","HAB_KM2","419.8",""
"2014","DE143","HAB_KM2","202.1",""
"2014","DE144","HAB_KM2","1,008.1",""
"2014","DE145","HAB_KM2","139.0",""
"2014","DE146","HAB_KM2","134.8",""
"2014","DE147","HAB_KM2","467.3",""
"2014","DE148","HAB_KM2","168.6",""
"2014","DE149","HAB_KM2","106.2",""
"2014","DE211","HAB_KM2","1,000.5",""
"2014","DE212","HAB_KM2","4,576.5",""
"2014","DE213","HAB_KM2","1,639.9",""
"2014","DE214","HAB_KM2","190.4",""
"2014","DE215","HAB_KM2","123.4",""
"2014","DE216","HAB_KM2","113.1",""
"2014","DE217","HAB_KM2","251.5",""
"2014","DE218","HAB_KM2","244.9",""
"2014","DE219","HAB_KM2","104.5",""
"2014","DE21A","HAB_KM2","150.6",""
"2014","DE21B","HAB_KM2","212.9",""
"2014","DE21C","HAB_KM2","481.1",""
"2014","DE21D","HAB_KM2","85.7",""
"2014","DE21E","HAB_KM2","154.2",""
"2014","DE21F","HAB_KM2","112.9",""
"2014","DE21G","HAB_KM2","137.0",""
"2014","DE21H","HAB_KM2","503.6",""
"2014","DE21I","HAB_KM2","127.2",""
"2014","DE21J","HAB_KM2","160.2",""
"2014","DE21K","HAB_KM2","177.1",""
"2014","DE21L","HAB_KM2","309.0",""
"2014","DE21M","HAB_KM2","118.3",""
"2014","DE21N","HAB_KM2","136.8",""
"2014","DE221","HAB_KM2","1,012.8",""
"2014","DE222","HAB_KM2","764.7",""
"2014","DE223","HAB_KM2","704.1",""
"2014","DE224","HAB_KM2","135.9",""
"2014","DE225","HAB_KM2","79.0",""
"2014","DE226","HAB_KM2","109.4",""
"2014","DE227","HAB_KM2","112.5",""
"2014","DE228","HAB_KM2","122.7",""
"2014","DE229","HAB_KM2","78.4",""
"2014","DE22A","HAB_KM2","92.5",""
"2014","DE22B","HAB_KM2","82.2",""
"2014","DE22C","HAB_KM2","106.7",""
"2014","DE231","HAB_KM2","831.3",""
"2014","DE232","HAB_KM2","1,788.4",""
"2014","DE233","HAB_KM2","588.3",""
"2014","DE234","HAB_KM2","82.1",""
"2014","DE235","HAB_KM2","82.9",""
"2014","DE236","HAB_KM2","95.5",""
"2014","DE237","HAB_KM2","67.0",""
"2014","DE238","HAB_KM2","135.2",""
"2014","DE239","HAB_KM2","99.1",""
"2014","DE23A","HAB_KM2","67.9",""
"2014","DE241","HAB_KM2","1,301.1",""
"2014","DE242","HAB_KM2","1,068.5",""
"2014","DE243","HAB_KM2","854.8",""
"2014","DE244","HAB_KM2","779.4",""
"2014","DE245","HAB_KM2","124.5",""
"2014","DE246","HAB_KM2","82.1",""
"2014","DE247","HAB_KM2","147.0",""
"2014","DE248","HAB_KM2","177.0",""
"2014","DE249","HAB_KM2","108.7",""
"2014","DE24A","HAB_KM2","104.8",""
"2014","DE24B","HAB_KM2","110.5",""
"2014","DE24C","HAB_KM2","128.8",""
"2014","DE24D","HAB_KM2","121.4",""
"2014","DE251","HAB_KM2","399.2",""
"2014","DE252","HAB_KM2","1,395.0",""
"2014","DE253","HAB_KM2","1,915.3",""
"2014","DE254","HAB_KM2","2,702.6",""
"2014","DE255","HAB_KM2","969.4",""
"2014","DE256","HAB_KM2","90.9",""
"2014","DE257","HAB_KM2","237.3",""
"2014","DE258","HAB_KM2","371.9",""
"2014","DE259","HAB_KM2","207.1",""
"2014","DE25A","HAB_KM2","77.1",""
"2014","DE25B","HAB_KM2","138.8",""
"2014","DE25C","HAB_KM2","96.7",""
"2014","DE261","HAB_KM2","1,114.8",""
"2014","DE262","HAB_KM2","1,478.0",""
"2014","DE263","HAB_KM2","1,430.6",""
"2014","DE264","HAB_KM2","248.6",""
"2014","DE265","HAB_KM2","90.5",""
"2014","DE266","HAB_KM2","78.1",""
"2014","DE267","HAB_KM2","88.5",""
"2014","DE268","HAB_KM2","129.7",""
"2014","DE269","HAB_KM2","180.7",""
"2014","DE26A","HAB_KM2","96.0",""
"2014","DE26B","HAB_KM2","135.3",""
"2014","DE26C","HAB_KM2","164.3",""
"2014","DE271","HAB_KM2","1,896.8",""
"2014","DE272","HAB_KM2","1,047.2",""
"2014","DE273","HAB_KM2","1,037.0",""
"2014","DE274","HAB_KM2","599.8",""
"2014","DE275","HAB_KM2","165.6",""
"2014","DE276","HAB_KM2","226.0",""
"2014","DE277","HAB_KM2","119.6",""
"2014","DE278","HAB_KM2","160.2",""
"2014","DE279","HAB_KM2","326.7",""
"2014","DE27A","HAB_KM2","278.7",""
"2014","DE27B","HAB_KM2","98.7",""
"2014","DE27C","HAB_KM2","112.5",""
"2014","DE27D","HAB_KM2","102.4",""
"2014","DE27E","HAB_KM2","99.2",""
"2014","DE300","HAB_KM2","4,073.1",""
"2014","DE401","HAB_KM2","362.4",""
"2014","DE402","HAB_KM2","603.3",""
"2014","DE403","HAB_KM2","401.6",""
"2014","DE404","HAB_KM2","951.8",""
"2014","DE405","HAB_KM2","121.6",""
"2014","DE406","HAB_KM2","73.1",""
"2014","DE407","HAB_KM2","56.1",""
"2014","DE408","HAB_KM2","90.6",""
"2014","DE409","HAB_KM2","88.4",""
"2014","DE40A","HAB_KM2","115.1",""
"2014","DE40B","HAB_KM2","97.3",""
"2014","DE40C","HAB_KM2","80.5",""
"2014","DE40D","HAB_KM2","40.0",""
"2014","DE40E","HAB_KM2","81.0",""
"2014","DE40F","HAB_KM2","36.7",""
"2014","DE40G","HAB_KM2","72.7",""
"2014","DE40H","HAB_KM2","77.1",""
"2014","DE40I","HAB_KM2","40.6",""
"2014","DE501","HAB_KM2","1,774.7",""
"2014","DE502","HAB_KM2","1,351.6",""
"2014","DE600","HAB_KM2","2,471.2",""
"2014","DE711","HAB_KM2","1,236.2",""
"2014","DE712","HAB_KM2","2,895.9",""
"2014","DE713","HAB_KM2","2,729.4",""
"2014","DE714","HAB_KM2","1,379.4",""
"2014","DE715","HAB_KM2","370.0",""
"2014","DE716","HAB_KM2","435.7",""
"2014","DE717","HAB_KM2","586.1",""
"2014","DE718","HAB_KM2","477.1",""
"2014","DE719","HAB_KM2","291.5",""
"2014","DE71A","HAB_KM2","1,036.2",""
"2014","DE71B","HAB_KM2","154.1",""
"2014","DE71C","HAB_KM2","963.1",""
"2014","DE71D","HAB_KM2","227.1",""
"2014","DE71E","HAB_KM2","269.4",""
"2014","DE721","HAB_KM2","301.1",""
"2014","DE722","HAB_KM2","236.0",""
"2014","DE723","HAB_KM2","230.6",""
"2014","DE724","HAB_KM2","191.5",""
"2014","DE725","HAB_KM2","72.8",""
"2014","DE731","HAB_KM2","1,834.1",""
"2014","DE732","HAB_KM2","157.1",""
"2014","DE733","HAB_KM2","109.0",""
"2014","DE734","HAB_KM2","180.5",""
"2014","DE735","HAB_KM2","116.9",""
"2014","DE736","HAB_KM2","85.4",""
"2014","DE737","HAB_KM2","98.1",""
"2014","DE803","HAB_KM2","1,132.2",""
"2014","DE804","HAB_KM2","967.0",""
"2014","DE80J","HAB_KM2","51.2",""
"2014","DE80K","HAB_KM2","62.6",""
"2014","DE80L","HAB_KM2","70.2",""
"2014","DE80M","HAB_KM2","75.3",""
"2014","DE80N","HAB_KM2","61.0",""
"2014","DE80O","HAB_KM2","45.5",""
"2014","DE911","HAB_KM2","1,291.0",""
"2014","DE912","HAB_KM2","446.1",""
"2014","DE913","HAB_KM2","601.7",""
"2014","DE914","HAB_KM2","109.8",""
"2014","DE915","HAB_KM2","223.1",""
"2014","DE916","HAB_KM2","143.4",""
"2014","DE917","HAB_KM2","134.5",""
"2014","DE918","HAB_KM2","106.1",""
"2014","DE919","HAB_KM2","116.5",""
"2014","DE91A","HAB_KM2","245.1",""
"2014","DE91B","HAB_KM2","165.9",""
"2014","DE91C","HAB_KM2","184.8",""
"2014","DE922","HAB_KM2","106.6",""
"2014","DE923","HAB_KM2","185.9",""
"2014","DE925","HAB_KM2","228.0",""
"2014","DE926","HAB_KM2","103.4",""
"2014","DE927","HAB_KM2","86.2",""
"2014","DE928","HAB_KM2","231.4",""
"2014","DE929","HAB_KM2","496.8",""
"2014","DE931","HAB_KM2","113.7",""
"2014","DE932","HAB_KM2","96.5",""
"2014","DE933","HAB_KM2","197.0",""
"2014","DE934","HAB_KM2","40.0",""
"2014","DE935","HAB_KM2","135.0",""
"2014","DE936","HAB_KM2","172.1",""
"2014","DE937","HAB_KM2","78.0",""
"2014","DE938","HAB_KM2","72.4",""
"2014","DE939","HAB_KM2","165.8",""
"2014","DE93A","HAB_KM2","63.2",""
"2014","DE93B","HAB_KM2","169.4",""
"2014","DE941","HAB_KM2","1,200.5",""
"2014","DE942","HAB_KM2","457.8",""
"2014","DE943","HAB_KM2","1,571.2",""
"2014","DE944","HAB_KM2","1,305.1",""
"2014","DE945","HAB_KM2","727.2",""
"2014","DE946","HAB_KM2","164.9",""
"2014","DE947","HAB_KM2","146.6",""
"2014","DE948","HAB_KM2","114.0",""
"2014","DE949","HAB_KM2","109.5",""
"2014","DE94A","HAB_KM2","160.1",""
"2014","DE94B","HAB_KM2","136.6",""
"2014","DE94C","HAB_KM2","154.9",""
"2014","DE94D","HAB_KM2","118.8",""
"2014","DE94E","HAB_KM2","165.6",""
"2014","DE94F","HAB_KM2","166.1",""
"2014","DE94G","HAB_KM2","110.2",""
"2014","DE94H","HAB_KM2","86.2",""
"2014","DEA11","HAB_KM2","2,920.4",""
"2014","DEA12","HAB_KM2","2,271.8",""
"2014","DEA13","HAB_KM2","2,762.5",""
"2014","DEA14","HAB_KM2","1,646.5",""
"2014","DEA15","HAB_KM2","1,506.7",""
"2014","DEA16","HAB_KM2","1,833.8",""
"2014","DEA17","HAB_KM2","2,716.8",""
"2014","DEA18","HAB_KM2","1,472.7",""
"2014","DEA19","HAB_KM2","1,736.3",""
"2014","DEA1A","HAB_KM2","2,050.3",""
"2014","DEA1B","HAB_KM2","252.1",""
"2014","DEA1C","HAB_KM2","1,184.1",""
"2014","DEA1D","HAB_KM2","780.1",""
"2014","DEA1E","HAB_KM2","527.7",""
"2014","DEA1F","HAB_KM2","454.9",""
"2014","DEA22","HAB_KM2","2,298.7",""
"2014","DEA23","HAB_KM2","2,681.5",""
"2014","DEA24","HAB_KM2","2,120.8",""
"2014","DEA26","HAB_KM2","277.0",""
"2014","DEA27","HAB_KM2","654.3",""
"2014","DEA28","HAB_KM2","151.0",""
"2014","DEA29","HAB_KM2","397.4",""
"2014","DEA2A","HAB_KM2","297.2",""
"2014","DEA2B","HAB_KM2","644.3",""
"2014","DEA2C","HAB_KM2","510.5",""
"2014","DEA2D","HAB_KM2","778.3",""
"2014","DEA31","HAB_KM2","1,160.4",""
"2014","DEA32","HAB_KM2","2,454.8",""
"2014","DEA33","HAB_KM2","996.5",""
"2014","DEA34","HAB_KM2","257.0",""
"2014","DEA35","HAB_KM2","194.1",""
"2014","DEA36","HAB_KM2","814.7",""
"2014","DEA37","HAB_KM2","242.8",""
"2014","DEA38","HAB_KM2","207.1",""
"2014","DEA41","HAB_KM2","1,271.5",""
"2014","DEA42","HAB_KM2","365.1",""
"2014","DEA43","HAB_KM2","553.6",""
"2014","DEA44","HAB_KM2","119.0",""
"2014","DEA45","HAB_KM2","277.5",""
"2014","DEA46","HAB_KM2","271.5",""
"2014","DEA47","HAB_KM2","240.4",""
"2014","DEA51","HAB_KM2","2,495.2",""
"2014","DEA52","HAB_KM2","2,065.1",""
"2014","DEA53","HAB_KM2","1,172.1",""
"2014","DEA54","HAB_KM2","780.2",""
"2014","DEA55","HAB_KM2","3,029.7",""
"2014","DEA56","HAB_KM2","793.2",""
"2014","DEA57","HAB_KM2","133.9",""
"2014","DEA58","HAB_KM2","392.6",""
"2014","DEA59","HAB_KM2","191.6",""
"2014","DEA5A","HAB_KM2","243.5",""
"2014","DEA5B","HAB_KM2","224.6",""
"2014","DEA5C","HAB_KM2","721.4",""
"2014","DEB11","HAB_KM2","1,110.4",""
"2014","DEB12","HAB_KM2","162.0",""
"2014","DEB13","HAB_KM2","199.8",""
"2014","DEB14","HAB_KM2","180.1",""
"2014","DEB15","HAB_KM2","103.9",""
"2014","DEB16","HAB_KM2","87.0",""
"2014","DEB17","HAB_KM2","260.4",""
"2014","DEB18","HAB_KM2","289.8",""
"2014","DEB19","HAB_KM2","105.3",""
"2014","DEB1A","HAB_KM2","156.7",""
"2014","DEB1B","HAB_KM2","201.7",""
"2014","DEB1C","HAB_KM2","88.2",""
"2014","DEB1D","HAB_KM2","105.6",""
"2014","DEB21","HAB_KM2","946.1",""
"2014","DEB22","HAB_KM2","95.7",""
"2014","DEB23","HAB_KM2","59.2",""
"2014","DEB24","HAB_KM2","66.7",""
"2014","DEB25","HAB_KM2","132.5",""
"2014","DEB31","HAB_KM2","1,105.3",""
"2014","DEB32","HAB_KM2","694.8",""
"2014","DEB33","HAB_KM2","531.9",""
"2014","DEB34","HAB_KM2","2,169.0",""
"2014","DEB35","HAB_KM2","2,164.5",""
"2014","DEB36","HAB_KM2","448.6",""
"2014","DEB37","HAB_KM2","656.9",""
"2014","DEB38","HAB_KM2","1,310.5",""
"2014","DEB39","HAB_KM2","768.1",""
"2014","DEB3A","HAB_KM2","479.5",""
"2014","DEB3B","HAB_KM2","215.1",""
"2014","DEB3C","HAB_KM2","220.6",""
"2014","DEB3D","HAB_KM2","116.4",""
"2014","DEB3E","HAB_KM2","279.7",""
"2014","DEB3F","HAB_KM2","162.8",""
"2014","DEB3G","HAB_KM2","123.7",""
"2014","DEB3H","HAB_KM2","170.9",""
"2014","DEB3I","HAB_KM2","508.7",""
"2014","DEB3J","HAB_KM2","345.1",""
"2014","DEB3K","HAB_KM2","101.2",""
"2014","DEC01","HAB_KM2","792.7",""
"2014","DEC02","HAB_KM2","186.0",""
"2014","DEC03","HAB_KM2","532.5",""
"2014","DEC04","HAB_KM2","427.5",""
"2014","DEC05","HAB_KM2","343.8",""
"2014","DEC06","HAB_KM2","186.5",""
"2014","DED21","HAB_KM2","1,646.7",""
"2014","DED2C","HAB_KM2","133.4",""
"2014","DED2D","HAB_KM2","126.8",""
"2014","DED2E","HAB_KM2","169.6",""
"2014","DED2F","HAB_KM2","149.5",""
"2014","DED41","HAB_KM2","1,098.5",""
"2014","DED42","HAB_KM2","192.4",""
"2014","DED43","HAB_KM2","148.4",""
"2014","DED44","HAB_KM2","166.0",""
"2014","DED45","HAB_KM2","343.6",""
"2014","DED51","HAB_KM2","1,836.2",""
"2014","DED52","HAB_KM2","160.3",""
"2014","DED53","HAB_KM2","98.7",""
"2014","DEE01","HAB_KM2","347.2",""
"2014","DEE02","HAB_KM2","1,731.5",""
"2014","DEE03","HAB_KM2","1,206.6",""
"2014","DEE04","HAB_KM2","37.7",""
"2014","DEE05","HAB_KM2","117.0",""
"2014","DEE06","HAB_KM2","58.5",""
"2014","DEE07","HAB_KM2","73.2",""
"2014","DEE08","HAB_KM2","130.8",""
"2014","DEE09","HAB_KM2","105.1",""
"2014","DEE0A","HAB_KM2","99.1",""
"2014","DEE0B","HAB_KM2","133.5",""
"2014","DEE0C","HAB_KM2","140.5",""
"2014","DEE0D","HAB_KM2","48.1",""
"2014","DEE0E","HAB_KM2","67.8",""
"2014","DEF01","HAB_KM2","1,479.5",""
"2014","DEF02","HAB_KM2","2,071.3",""
"2014","DEF03","HAB_KM2","1,124.7",""
"2014","DEF04","HAB_KM2","1,104.6",""
"2014","DEF05","HAB_KM2","94.9",""
"2014","DEF06","HAB_KM2","155.1",""
"2014","DEF07","HAB_KM2","78.9",""
"2014","DEF08","HAB_KM2","145.7",""
"2014","DEF09","HAB_KM2","472.9",""
"2014","DEF0A","HAB_KM2","128.2",""
"2014","DEF0B","HAB_KM2","125.4",""
"2014","DEF0C","HAB_KM2","94.9",""
"2014","DEF0D","HAB_KM2","198.4",""
"2014","DEF0E","HAB_KM2","128.1",""
"2014","DEF0F","HAB_KM2","308.5",""
"2014","DEG01","HAB_KM2","769.8",""
"2014","DEG02","HAB_KM2","623.3",""
"2014","DEG03","HAB_KM2","938.6",""
"2014","DEG04","HAB_KM2","348.9",""
"2014","DEG05","HAB_KM2","754.7",""
"2014","DEG06","HAB_KM2","106.9",""
"2014","DEG07","HAB_KM2","120.2",""
"2014","DEG09","HAB_KM2","106.4",""
"2014","DEG0A","HAB_KM2","74.6",""
"2014","DEG0B","HAB_KM2","103.6",""
"2014","DEG0C","HAB_KM2","145.1",""
"2014","DEG0D","HAB_KM2","88.1",""
"2014","DEG0E","HAB_KM2","69.3",""
"2014","DEG0F","HAB_KM2","129.2",""
"2014","DEG0G","HAB_KM2","101.6",""
"2014","DEG0H","HAB_KM2","132.0",""
"2014","DEG0I","HAB_KM2","106.9",""
"2014","DEG0J","HAB_KM2","103.0",""
"2014","DEG0K","HAB_KM2","73.4",""
"2014","DEG0L","HAB_KM2","120.9",""
"2014","DEG0M","HAB_KM2","164.3",""
"2014","DEG0N","HAB_KM2","401.2",""
"2014","DEG0P","HAB_KM2","96.5",""
"2014","EE001","HAB_KM2","132.4",""
"2014","EE004","HAB_KM2","13.2",""
"2014","EE006","HAB_KM2","13.7",""
"2014","EE007","HAB_KM2","44.2",""
"2014","EE008","HAB_KM2","20.7",""
"2014","IE041","HAB_KM2","34.9",""
"2014","IE042","HAB_KM2","32.2",""
"2014","IE051","HAB_KM2","46.7",""
"2014","IE052","HAB_KM2","58.0",""
"2014","IE053","HAB_KM2","55.9",""
"2014","IE061","HAB_KM2","1,401.4",""
"2014","IE062","HAB_KM2","98.3",""
"2014","IE063","HAB_KM2","44.5",""
"2014","IE011","HAB_KM2","43.2",""
"2014","IE012","HAB_KM2","44.7",""
"2014","IE013","HAB_KM2","32.4",""
"2014","IE021","HAB_KM2","1,412.1",""
"2014","IE022","HAB_KM2","91.0",""
"2014","IE023","HAB_KM2","48.7",""
"2014","IE024","HAB_KM2","53.7",""
"2014","IE025","HAB_KM2","56.0",""
"2014","EL511","HAB_KM2","34.8",""
"2014","EL512","HAB_KM2","62.7",""
"2014","EL513","HAB_KM2","44.1",""
"2014","EL514","HAB_KM2","28.2",""
"2014","EL515","HAB_KM2","64.6",""
"2014","EL521","HAB_KM2","83.5",""
"2014","EL522","HAB_KM2","304.3",""
"2014","EL523","HAB_KM2","31.9",""
"2014","EL524","HAB_KM2","56.0",""
"2014","EL525","HAB_KM2","85.7",""
"2014","EL526","HAB_KM2","43.9",""
"2014","EL527","HAB_KM2","33.9",""
"2014","EL531","HAB_KM2","30.6",""
"2014","EL532","HAB_KM2","28.5",""
"2014","EL533","HAB_KM2","26.3",""
"2014","EL541","HAB_KM2","47.4",""
"2014","EL542","HAB_KM2","29.7",""
"2014","EL543","HAB_KM2","33.9",""
"2014","EL611","HAB_KM2","40.4",""
"2014","EL612","HAB_KM2","53.2",""
"2014","EL613","HAB_KM2","77.9",""
"2014","EL621","HAB_KM2","99.1",""
"2014","EL622","HAB_KM2","162.8",""
"2014","EL623","HAB_KM2","43.1",""
"2014","EL624","HAB_KM2","68.0",""
"2014","EL631","HAB_KM2","38.4",""
"2014","EL632","HAB_KM2","94.0",""
"2014","EL633","HAB_KM2","60.5",""
"2014","EL641","HAB_KM2","40.8",""
"2014","EL642","HAB_KM2","51.5",""
"2014","EL643","HAB_KM2","10.6",""
"2014","EL644","HAB_KM2","36.3",""
"2014","EL645","HAB_KM2","19.8",""
"2014","EL651","HAB_KM2","27.9",""
"2014","EL652","HAB_KM2","64.8",""
"2014","EL653","HAB_KM2","38.0",""
"2014","EL301","HAB_KM2","4,548.0",""
"2014","EL302","HAB_KM2","7,300.6",""
"2014","EL303","HAB_KM2","10,945.4",""
"2014","EL304","HAB_KM2","7,458.1",""
"2014","EL305","HAB_KM2","360.0",""
"2014","EL306","HAB_KM2","174.2",""
"2014","EL307","HAB_KM2","559.0",""
"2014","EL411","HAB_KM2","47.3",""
"2014","EL412","HAB_KM2","54.3",""
"2014","EL413","HAB_KM2","58.7",""
"2014","EL421","HAB_KM2","76.5",""
"2014","EL422","HAB_KM2","49.1",""
"2014","EL431","HAB_KM2","117.4",""
"2014","EL432","HAB_KM2","41.1",""
"2014","EL433","HAB_KM2","58.3",""
"2014","EL434","HAB_KM2","66.7",""
"2014","ES111","HAB_KM2","143.4",""
"2014","ES112","HAB_KM2","34.7",""
"2014","ES113","HAB_KM2","44.5",""
"2014","ES114","HAB_KM2","212.5",""
"2014","ES120","HAB_KM2","99.8",""
"2014","ES130","HAB_KM2","111.4",""
"2014","ES211","HAB_KM2","106.3",""
"2014","ES212","HAB_KM2","351.1",""
"2014","ES213","HAB_KM2","516.7",""
"2014","ES220","HAB_KM2","61.5",""
"2014","ES230","HAB_KM2","62.4",""
"2014","ES241","HAB_KM2","14.3",""
"2014","ES242","HAB_KM2","9.4",""
"2014","ES243","HAB_KM2","56.5",""
"2014","ES300","HAB_KM2","801.0",""
"2014","ES411","HAB_KM2","20.8",""
"2014","ES412","HAB_KM2","25.5",""
"2014","ES413","HAB_KM2","31.1",""
"2014","ES414","HAB_KM2","20.8",""
"2014","ES415","HAB_KM2","28.0",""
"2014","ES416","HAB_KM2","22.9",""
"2014","ES417","HAB_KM2","9.0",""
"2014","ES418","HAB_KM2","65.3",""
"2014","ES419","HAB_KM2","17.8",""
"2014","ES421","HAB_KM2","26.6",""
"2014","ES422","HAB_KM2","26.2",""
"2014","ES423","HAB_KM2","12.2",""
"2014","ES424","HAB_KM2","21.1",""
"2014","ES425","HAB_KM2","45.4",""
"2014","ES431","HAB_KM2","32.3",""
"2014","ES432","HAB_KM2","20.8",""
"2014","ES511","HAB_KM2","705.7",""
"2014","ES512","HAB_KM2","125.9",""
"2014","ES513","HAB_KM2","35.8",""
"2014","ES514","HAB_KM2","126.8",""
"2014","ES521","HAB_KM2","321.0",""
"2014","ES522","HAB_KM2","87.1",""
"2014","ES523","HAB_KM2","234.4",""
"2014","ES531","HAB_KM2","236.9",""
"2014","ES532","HAB_KM2","239.9",""
"2014","ES533","HAB_KM2","134.5",""
"2014","ES611","HAB_KM2","78.7",""
"2014","ES612","HAB_KM2","170.9",""
"2014","ES613","HAB_KM2","58.4",""
"2014","ES614","HAB_KM2","73.0",""
"2014","ES615","HAB_KM2","52.7",""
"2014","ES616","HAB_KM2","48.9",""
"2014","ES617","HAB_KM2","224.0",""
"2014","ES618","HAB_KM2","139.5",""
"2014","ES620","HAB_KM2","129.5",""
"2014","ES630","HAB_KM2","4,457.0",""
"2014","ES640","HAB_KM2","6,478.5",""
"2014","ES703","HAB_KM2","39.4",""
"2014","ES704","HAB_KM2","65.6",""
"2014","ES705","HAB_KM2","548.5",""
"2014","ES706","HAB_KM2","57.3",""
"2014","ES707","HAB_KM2","118.1",""
"2014","ES708","HAB_KM2","166.5",""
"2014","ES709","HAB_KM2","443.3",""
"2014","FR101","HAB_KM2","21,490.0",""
"2014","FR102","HAB_KM2","235.7",""
"2014","FR103","HAB_KM2","626.7",""
"2014","FR104","HAB_KM2","702.9",""
"2014","FR105","HAB_KM2","9,300.4",""
"2014","FR106","HAB_KM2","6,702.7",""
"2014","FR107","HAB_KM2","5,655.8",""
"2014","FR108","HAB_KM2","973.8",""
"2014","FRB01","HAB_KM2","42.6",""
"2014","FRB02","HAB_KM2","73.3",""
"2014","FRB03","HAB_KM2","33.0",""
"2014","FRB04","HAB_KM2","99.1",""
"2014","FRB05","HAB_KM2","52.4",""
"2014","FRB06","HAB_KM2","99.4",""
"2014","FRC11","HAB_KM2","60.7",""
"2014","FRC12","HAB_KM2","31.1",""
"2014","FRC13","HAB_KM2","65.0",""
"2014","FRC14","HAB_KM2","45.9",""
"2014","FRC21","HAB_KM2","102.3",""
"2014","FRC22","HAB_KM2","52.1",""
"2014","FRC23","HAB_KM2","44.4",""
"2014","FRC24","HAB_KM2","240.3",""
"2014","FRD11","HAB_KM2","123.7",""
"2014","FRD12","HAB_KM2","83.2",""
"2014","FRD13","HAB_KM2","46.8",""
"2014","FRD21","HAB_KM2","100.3",""
"2014","FRD22","HAB_KM2","200.9",""
"2014","FRE11","HAB_KM2","454.6",""
"2014","FRE12","HAB_KM2","220.4",""
"2014","FRE21","HAB_KM2","73.0",""
"2014","FRE22","HAB_KM2","140.0",""
"2014","FRE23","HAB_KM2","93.1",""
"2014","FRF11","HAB_KM2","234.5",""
"2014","FRF12","HAB_KM2","216.9",""
"2014","FRF21","HAB_KM2","53.4",""
"2014","FRF22","HAB_KM2","51.7",""
"2014","FRF23","HAB_KM2","70.3",""
"2014","FRF24","HAB_KM2","28.9",""
"2014","FRF31","HAB_KM2","139.9",""
"2014","FRF32","HAB_KM2","30.8",""
"2014","FRF33","HAB_KM2","169.2",""
"2014","FRF34","HAB_KM2","63.3",""
"2014","FRG01","HAB_KM2","198.6",""
"2014","FRG02","HAB_KM2","112.6",""
"2014","FRG03","HAB_KM2","59.1",""
"2014","FRG04","HAB_KM2","91.2",""
"2014","FRG05","HAB_KM2","98.4",""
"2014","FRH01","HAB_KM2","85.8",""
"2014","FRH02","HAB_KM2","134.3",""
"2014","FRH03","HAB_KM2","152.3",""
"2014","FRH04","HAB_KM2","108.4",""
"2014","FRI11","HAB_KM2","45.3",""
"2014","FRI12","HAB_KM2","155.4",""
"2014","FRI13","HAB_KM2","43.5",""
"2014","FRI14","HAB_KM2","62.3",""
"2014","FRI15","HAB_KM2","87.2",""
"2014","FRI21","HAB_KM2","41.2",""
"2014","FRI22","HAB_KM2","21.6",""
"2014","FRI23","HAB_KM2","68.0",""
"2014","FRI31","HAB_KM2","59.3",""
"2014","FRI32","HAB_KM2","92.6",""
"2014","FRI33","HAB_KM2","62.0",""
"2014","FRI34","HAB_KM2","61.9",""
"2014","FRJ11","HAB_KM2","58.6",""
"2014","FRJ12","HAB_KM2","127.3",""
"2014","FRJ13","HAB_KM2","183.4",""
"2014","FRJ14","HAB_KM2","14.8",""
"2014","FRJ15","HAB_KM2","114.7",""
"2014","FRJ21","HAB_KM2","31.1",""
"2014","FRJ22","HAB_KM2","31.9",""
"2014","FRJ23","HAB_KM2","209.7",""
"2014","FRJ24","HAB_KM2","30.3",""
"2014","FRJ25","HAB_KM2","33.4",""
"2014","FRJ26","HAB_KM2","50.8",""
"2014","FRJ27","HAB_KM2","67.0",""
"2014","FRJ28","HAB_KM2","68.6",""
"2014","FRK11","HAB_KM2","46.7",""
"2014","FRK12","HAB_KM2","25.5",""
"2014","FRK13","HAB_KM2","45.4",""
"2014","FRK14","HAB_KM2","80.8",""
"2014","FRK21","HAB_KM2","111.9",""
"2014","FRK22","HAB_KM2","58.4",""
"2014","FRK23","HAB_KM2","76.9",""
"2014","FRK24","HAB_KM2","159.7",""
"2014","FRK25","HAB_KM2","159.4",""
"2014","FRK26","HAB_KM2","561.3",""
"2014","FRK27","HAB_KM2","69.1",""
"2014","FRK28","HAB_KM2","172.5",""
"2014","FRL01","HAB_KM2","23.2",""
"2014","FRL02","HAB_KM2","24.8",""
"2014","FRL03","HAB_KM2","252.4",""
"2014","FRL04","HAB_KM2","423.3",""
"2014","FRL05","HAB_KM2","173.8",""
"2014","FRL06","HAB_KM2","156.4",""
"2014","FRM01","HAB_KM2","38.0",""
"2014","FRM02","HAB_KM2","37.2",""
"2014","FRY10","HAB_KM2","258.6",""
"2014","FRY20","HAB_KM2","347.0",""
"2014","FRY30","HAB_KM2","3.1",""
"2014","FRY40","HAB_KM2","341.7",""
"2014","FRY50","HAB_KM2","624.5",""
"2014","FR211","HAB_KM2","53.3",""
"2014","FR212","HAB_KM2","51.4",""
"2014","FR213","HAB_KM2","70.0",""
"2014","FR214","HAB_KM2","29.0",""
"2014","FR221","HAB_KM2","73.2",""
"2014","FR222","HAB_KM2","139.9",""
"2014","FR223","HAB_KM2","92.7",""
"2014","FR231","HAB_KM2","99.4",""
"2014","FR232","HAB_KM2","200.4",""
"2014","FR241","HAB_KM2","42.8",""
"2014","FR242","HAB_KM2","73.8",""
"2014","FR243","HAB_KM2","33.2",""
"2014","FR244","HAB_KM2","98.7",""
"2014","FR245","HAB_KM2","52.5",""
"2014","FR246","HAB_KM2","99.1",""
"2014","FR251","HAB_KM2","124.8",""
"2014","FR252","HAB_KM2","84.1",""
"2014","FR253","HAB_KM2","47.1",""
"2014","FR261","HAB_KM2","60.7",""
"2014","FR262","HAB_KM2","31.2",""
"2014","FR263","HAB_KM2","64.8",""
"2014","FR264","HAB_KM2","46.0",""
"2014","FR301","HAB_KM2","453.5",""
"2014","FR302","HAB_KM2","220.7",""
"2014","FR411","HAB_KM2","139.8",""
"2014","FR412","HAB_KM2","30.8",""
"2014","FR413","HAB_KM2","168.1",""
"2014","FR414","HAB_KM2","63.5",""
"2014","FR421","HAB_KM2","234.4",""
"2014","FR422","HAB_KM2","216.0",""
"2014","FR431","HAB_KM2","102.4",""
"2014","FR432","HAB_KM2","52.1",""
"2014","FR433","HAB_KM2","44.4",""
"2014","FR434","HAB_KM2","237.0",""
"2014","FR511","HAB_KM2","198.9",""
"2014","FR512","HAB_KM2","112.8",""
"2014","FR513","HAB_KM2","59.5",""
"2014","FR514","HAB_KM2","91.6",""
"2014","FR515","HAB_KM2","98.9",""
"2014","FR521","HAB_KM2","86.9",""
"2014","FR522","HAB_KM2","134.7",""
"2014","FR523","HAB_KM2","153.2",""
"2014","FR524","HAB_KM2","108.9",""
"2014","FR531","HAB_KM2","59.4",""
"2014","FR532","HAB_KM2","93.0",""
"2014","FR533","HAB_KM2","62.3",""
"2014","FR534","HAB_KM2","62.1",""
"2014","FR611","HAB_KM2","45.9",""
"2014","FR612","HAB_KM2","153.7",""
"2014","FR613","HAB_KM2","43.5",""
"2014","FR614","HAB_KM2","62.2",""
"2014","FR615","HAB_KM2","87.5",""
"2014","FR621","HAB_KM2","31.2",""
"2014","FR622","HAB_KM2","31.9",""
"2014","FR623","HAB_KM2","210.2",""
"2014","FR624","HAB_KM2","30.5",""
"2014","FR625","HAB_KM2","33.3",""
"2014","FR626","HAB_KM2","51.2",""
"2014","FR627","HAB_KM2","67.0",""
"2014","FR628","HAB_KM2","68.3",""
"2014","FR631","HAB_KM2","41.3",""
"2014","FR632","HAB_KM2","21.6",""
"2014","FR633","HAB_KM2","68.1",""
"2014","FR711","HAB_KM2","109.2",""
"2014","FR712","HAB_KM2","58.5",""
"2014","FR713","HAB_KM2","76.9",""
"2014","FR714","HAB_KM2","167.8",""
"2014","FR715","HAB_KM2","158.6",""
"2014","FR716","HAB_KM2","557.7",""
"2014","FR717","HAB_KM2","70.9",""
"2014","FR718","HAB_KM2","179.7",""
"2014","FR721","HAB_KM2","46.6",""
"2014","FR722","HAB_KM2","25.6",""
"2014","FR723","HAB_KM2","45.6",""
"2014","FR724","HAB_KM2","81.0",""
"2014","FR811","HAB_KM2","59.7",""
"2014","FR812","HAB_KM2","125.9",""
"2014","FR813","HAB_KM2","182.6",""
"2014","FR814","HAB_KM2","14.8",""
"2014","FR815","HAB_KM2","113.9",""
"2014","FR821","HAB_KM2","23.3",""
"2014","FR822","HAB_KM2","25.3",""
"2014","FR823","HAB_KM2","251.9",""
"2014","FR824","HAB_KM2","395.4",""
"2014","FR825","HAB_KM2","174.7",""
"2014","FR826","HAB_KM2","155.9",""
"2014","FR831","HAB_KM2","37.9",""
"2014","FR832","HAB_KM2","37.2",""
"2014","FRA10","HAB_KM2","327.0",""
"2014","FRA20","HAB_KM2","339.0",""
"2014","FRA30","HAB_KM2","3.1",""
"2014","FRA40","HAB_KM2","338.2",""
"2014","FRA50","HAB_KM2",":",""
"2014","HR031","HAB_KM2","81.9",""
"2014","HR032","HAB_KM2","9.1",""
"2014","HR033","HAB_KM2","47.0",""
"2014","HR034","HAB_KM2","35.3",""
"2014","HR035","HAB_KM2","100.1",""
"2014","HR036","HAB_KM2","74.0",""
"2014","HR037","HAB_KM2","68.7",""
"2014","HR041","HAB_KM2","1,245.6",""
"2014","HR042","HAB_KM2","104.0",""
"2014","HR043","HAB_KM2","105.8",""
"2014","HR044","HAB_KM2","137.4",""
"2014","HR045","HAB_KM2","65.0",""
"2014","HR046","HAB_KM2","155.1",""
"2014","HR047","HAB_KM2","43.7",""
"2014","HR048","HAB_KM2","40.5",""
"2014","HR049","HAB_KM2","41.1",""
"2014","HR04A","HAB_KM2","75.8",""
"2014","HR04B","HAB_KM2","71.8",""
"2014","HR04C","HAB_KM2","70.5",""
"2014","HR04D","HAB_KM2","34.2",""
"2014","HR04E","HAB_KM2","36.7",""
"2014","ITC11","HAB_KM2","341.1",""
"2014","ITC12","HAB_KM2","86.7",""
"2014","ITC13","HAB_KM2","202.8",""
"2014","ITC14","HAB_KM2","75.5",""
"2014","ITC15","HAB_KM2","289.1",""
"2014","ITC16","HAB_KM2","86.9",""
"2014","ITC17","HAB_KM2","146.6",""
"2014","ITC18","HAB_KM2","124.9",""
"2014","ITC20","HAB_KM2","39.7",""
"2014","ITC31","HAB_KM2","190.2",""
"2014","ITC32","HAB_KM2","186.3",""
"2014","ITC33","HAB_KM2","478.5",""
"2014","ITC34","HAB_KM2","257.9",""
"2014","ITC41","HAB_KM2","798.8",""
"2014","ITC42","HAB_KM2","504.5",""
"2014","ITC43","HAB_KM2","456.5",""
"2014","ITC44","HAB_KM2","57.7",""
"2014","ITC46","HAB_KM2","417.9",""
"2014","ITC47","HAB_KM2","282.1",""
"2014","ITC48","HAB_KM2","192.2",""
"2014","ITC49","HAB_KM2","309.1",""
"2014","ITC4A","HAB_KM2","213.1",""
"2014","ITC4B","HAB_KM2","186.4",""
"2014","ITC4C","HAB_KM2","2,021.9",""
"2014","ITC4D","HAB_KM2","2,132.4",""
"2014","ITH10","HAB_KM2","70.2",""
"2014","ITH20","HAB_KM2","87.4",""
"2014","ITH31","HAB_KM2","318.7",""
"2014","ITH32","HAB_KM2","324.1",""
"2014","ITH33","HAB_KM2","58.1",""
"2014","ITH34","HAB_KM2","368.1",""
"2014","ITH35","HAB_KM2","393.9",""
"2014","ITH36","HAB_KM2","445.9",""
"2014","ITH37","HAB_KM2","142.4",""
"2014","ITH41","HAB_KM2","145.2",""
"2014","ITH42","HAB_KM2","113.6",""
"2014","ITH43","HAB_KM2","310.5",""
"2014","ITH44","HAB_KM2","1,117.9",""
"2014","ITH51","HAB_KM2","115.4",""
"2014","ITH52","HAB_KM2","133.5",""
"2014","ITH53","HAB_KM2","238.4",""
"2014","ITH54","HAB_KM2","267.9",""
"2014","ITH55","HAB_KM2","275.6",""
"2014","ITH56","HAB_KM2","138.9",""
"2014","ITH57","HAB_KM2","218.7",""
"2014","ITH58","HAB_KM2","169.6",""
"2014","ITH59","HAB_KM2","387.0",""
"2014","ITI11","HAB_KM2","177.5",""
"2014","ITI12","HAB_KM2","227.8",""
"2014","ITI13","HAB_KM2","306.9",""
"2014","ITI14","HAB_KM2","290.6",""
"2014","ITI15","HAB_KM2","701.2",""
"2014","ITI16","HAB_KM2","282.9",""
"2014","ITI17","HAB_KM2","175.7",""
"2014","ITI18","HAB_KM2","108.2",""
"2014","ITI19","HAB_KM2","71.5",""
"2014","ITI1A","HAB_KM2","50.8",""
"2014","ITI21","HAB_KM2","108.0",""
"2014","ITI22","HAB_KM2","110.3",""
"2014","ITI31","HAB_KM2","141.7",""
"2014","ITI32","HAB_KM2","250.8",""
"2014","ITI33","HAB_KM2","116.7",""
"2014","ITI34","HAB_KM2","172.2",""
"2014","ITI35","HAB_KM2","204.4",""
"2014","ITI41","HAB_KM2","93.3",""
"2014","ITI42","HAB_KM2","58.6",""
"2014","ITI43","HAB_KM2","819.6",""
"2014","ITI44","HAB_KM2","256.9",""
"2014","ITI45","HAB_KM2","154.7",""
"2014","ITF11","HAB_KM2","61.1",""
"2014","ITF12","HAB_KM2","162.1",""
"2014","ITF13","HAB_KM2","276.4",""
"2014","ITF14","HAB_KM2","154.7",""
"2014","ITF21","HAB_KM2","57.8",""
"2014","ITF22","HAB_KM2","79.2",""
"2014","ITF31","HAB_KM2","354.7",""
"2014","ITF32","HAB_KM2","139.2",""
"2014","ITF33","HAB_KM2","2,687.4",""
"2014","ITF34","HAB_KM2","155.7",""
"2014","ITF35","HAB_KM2","229.0",""
"2014","ITF43","HAB_KM2","243.8",""
"2014","ITF44","HAB_KM2","218.4",""
"2014","ITF45","HAB_KM2","292.6",""
"2014","ITF46","HAB_KM2","90.6",""
"2014","ITF47","HAB_KM2","327.3",""
"2014","ITF48","HAB_KM2","255.4",""
"2014","ITF51","HAB_KM2","59.0",""
"2014","ITF52","HAB_KM2","60.3",""
"2014","ITF61","HAB_KM2","110.8",""
"2014","ITF62","HAB_KM2","102.8",""
"2014","ITF63","HAB_KM2","155.1",""
"2014","ITF64","HAB_KM2","144.7",""
"2014","ITF65","HAB_KM2","180.3",""
"2014","ITG11","HAB_KM2","178.4",""
"2014","ITG12","HAB_KM2","257.9",""
"2014","ITG13","HAB_KM2","204.4",""
"2014","ITG14","HAB_KM2","148.7",""
"2014","ITG15","HAB_KM2","130.3",""
"2014","ITG16","HAB_KM2","68.0",""
"2014","ITG17","HAB_KM2","318.1",""
"2014","ITG18","HAB_KM2","198.4",""
"2014","ITG19","HAB_KM2","193.8",""
"2014","ITG25","HAB_KM2","78.2",""
"2014","ITG26","HAB_KM2","40.5",""
"2014","ITG27","HAB_KM2","123.3",""
"2014","ITG28","HAB_KM2","54.0",""
"2014","ITG29","HAB_KM2","47.1",""
"2014","ITG2A","HAB_KM2","31.3",""
"2014","ITG2B","HAB_KM2","66.6",""
"2014","ITG2C","HAB_KM2","86.1",""
"2014","CY000","HAB_KM2","92.5",""
"2014","LV003","HAB_KM2","19.5",""
"2014","LV005","HAB_KM2","20.5",""
"2014","LV006","HAB_KM2","2,599.9",""
"2014","LV007","HAB_KM2","37.6",""
"2014","LV008","HAB_KM2","13.6",""
"2014","LV009","HAB_KM2","23.4",""
"2014","LT011","HAB_KM2","85.5",""
"2014","LT021","HAB_KM2","28.7",""
"2014","LT022","HAB_KM2","74.8",""
"2014","LT023","HAB_KM2","70.2",""
"2014","LT024","HAB_KM2","35.0",""
"2014","LT025","HAB_KM2","30.9",""
"2014","LT026","HAB_KM2","34.0",""
"2014","LT027","HAB_KM2","24.2",""
"2014","LT028","HAB_KM2","34.2",""
"2014","LT029","HAB_KM2","21.2",""
"2014","LT001","HAB_KM2","28.7",""
"2014","LT002","HAB_KM2","74.8",""
"2014","LT003","HAB_KM2","70.2",""
"2014","LT004","HAB_KM2","35.0",""
"2014","LT005","HAB_KM2","30.9",""
"2014","LT006","HAB_KM2","34.0",""
"2014","LT007","HAB_KM2","24.2",""
"2014","LT008","HAB_KM2","34.2",""
"2014","LT009","HAB_KM2","21.2",""
"2014","LT00A","HAB_KM2","85.5",""
"2014","LU000","HAB_KM2","215.1",""
"2014","HU110","HAB_KM2","3,433.6",""
"2014","HU120","HAB_KM2","194.8",""
"2014","HU101","HAB_KM2","3,335.5",""
"2014","HU102","HAB_KM2","191.4",""
"2014","HU211","HAB_KM2","97.5",""
"2014","HU212","HAB_KM2","135.3",""
"2014","HU213","HAB_KM2","83.2",""
"2014","HU221","HAB_KM2","108.8",""
"2014","HU222","HAB_KM2","76.3",""
"2014","HU223","HAB_KM2","75.1",""
"2014","HU231","HAB_KM2","85.0",""
"2014","HU232","HAB_KM2","54.7",""
"2014","HU233","HAB_KM2","62.4",""
"2014","HU311","HAB_KM2","93.4",""
"2014","HU312","HAB_KM2","84.8",""
"2014","HU313","HAB_KM2","77.6",""
"2014","HU321","HAB_KM2","88.3",""
"2014","HU322","HAB_KM2","69.9",""
"2014","HU323","HAB_KM2","96.0",""
"2014","HU331","HAB_KM2","61.7",""
"2014","HU332","HAB_KM2","63.4",""
"2014","HU333","HAB_KM2","97.2",""
"2014","MT001","HAB_KM2","1,631.4",""
"2014","MT002","HAB_KM2","457.9",""
"2014","NL111","HAB_KM2","180.6",""
"2014","NL112","HAB_KM2","178.2",""
"2014","NL113","HAB_KM2","314.1",""
"2014","NL121","HAB_KM2","205.9",""
"2014","NL122","HAB_KM2","176.4",""
"2014","NL123","HAB_KM2","187.3",""
"2014","NL124","HAB_KM2","208.6",""
"2014","NL125","HAB_KM2","168.1",""
"2014","NL126","HAB_KM2","191.2",""
"2014","NL131","HAB_KM2","182.0",""
"2014","NL132","HAB_KM2","186.7",""
"2014","NL133","HAB_KM2","189.8",""
"2014","NL211","HAB_KM2","255.3",""
"2014","NL212","HAB_KM2","367.3",""
"2014","NL213","HAB_KM2","420.8",""
"2014","NL221","HAB_KM2","364.3",""
"2014","NL224","HAB_KM2","153.6",""
"2014","NL225","HAB_KM2","445.6",""
"2014","NL226","HAB_KM2","1,038.3",""
"2014","NL230","HAB_KM2","283.9",""
"2014","NL310","HAB_KM2","913.4",""
"2014","NL321","HAB_KM2","343.4",""
"2014","NL322","HAB_KM2","868.9",""
"2014","NL323","HAB_KM2","669.1",""
"2014","NL324","HAB_KM2","1,416.6",""
"2014","NL325","HAB_KM2","1,292.8",""
"2014","NL326","HAB_KM2","1,836.1",""
"2014","NL327","HAB_KM2","2,194.7",""
"2014","NL328","HAB_KM2","341.9",""
"2014","NL329","HAB_KM2","6,647.7",""
"2014","NL332","HAB_KM2","3,310.0",""
"2014","NL333","HAB_KM2","1,476.1",""
"2014","NL337","HAB_KM2","1,500.4",""
"2014","NL338","HAB_KM2","702.0",""
"2014","NL339","HAB_KM2","1,145.9",""
"2014","NL33A","HAB_KM2","859.7",""
"2014","NL33B","HAB_KM2","649.9",""
"2014","NL33C","HAB_KM2","1,184.6",""
"2014","NL341","HAB_KM2","144.7",""
"2014","NL342","HAB_KM2","261.5",""
"2014","NL411","HAB_KM2","511.5",""
"2014","NL412","HAB_KM2","519.5",""
"2014","NL413","HAB_KM2","476.8",""
"2014","NL414","HAB_KM2","521.9",""
"2014","NL421","HAB_KM2","337.2",""
"2014","NL422","HAB_KM2","353.9",""
"2014","NL423","HAB_KM2","927.8",""
"2014","AT111","HAB_KM2","54.1",""
"2014","AT112","HAB_KM2","100.3",""
"2014","AT113","HAB_KM2","67.1",""
"2014","AT121","HAB_KM2","73.3",""
"2014","AT122","HAB_KM2","76.0",""
"2014","AT123","HAB_KM2","123.4",""
"2014","AT124","HAB_KM2","47.9",""
"2014","AT125","HAB_KM2","51.6",""
"2014","AT126","HAB_KM2","118.3",""
"2014","AT127","HAB_KM2","227.0",""
"2014","AT130","HAB_KM2","4,511.5",""
"2014","AT211","HAB_KM2","143.2",""
"2014","AT212","HAB_KM2","30.9",""
"2014","AT213","HAB_KM2","45.2",""
"2014","AT221","HAB_KM2","343.6",""
"2014","AT222","HAB_KM2","24.5",""
"2014","AT223","HAB_KM2","50.2",""
"2014","AT224","HAB_KM2","79.8",""
"2014","AT225","HAB_KM2","87.0",""
"2014","AT226","HAB_KM2","33.4",""
"2014","AT311","HAB_KM2","99.9",""
"2014","AT312","HAB_KM2","331.6",""
"2014","AT313","HAB_KM2","77.9",""
"2014","AT314","HAB_KM2","68.9",""
"2014","AT315","HAB_KM2","97.0",""
"2014","AT321","HAB_KM2","20.3",""
"2014","AT322","HAB_KM2","37.7",""
"2014","AT323","HAB_KM2","208.8",""
"2014","AT331","HAB_KM2","26.1",""
"2014","AT332","HAB_KM2","142.7",""
"2014","AT333","HAB_KM2","24.4",""
"2014","AT334","HAB_KM2","30.8",""
"2014","AT335","HAB_KM2","62.9",""
"2014","AT341","HAB_KM2","47.6",""
"2014","AT342","HAB_KM2","424.5",""
"2014","PL113","HAB_KM2","2,421.4",""
"2014","PL114","HAB_KM2","174.1",""
"2014","PL115","HAB_KM2","99.6",""
"2014","PL116","HAB_KM2","79.7",""
"2014","PL117","HAB_KM2","89.9",""
"2014","PL127","HAB_KM2","3,450.9",""
"2014","PL128","HAB_KM2","108.0",""
"2014","PL129","HAB_KM2","159.5",""
"2014","PL12A","HAB_KM2","186.1",""
"2014","PL12B","HAB_KM2","65.7",""
"2014","PL12C","HAB_KM2","101.1",""
"2014","PL12D","HAB_KM2","59.6",""
"2014","PL12E","HAB_KM2","65.8",""
"2014","PL213","HAB_KM2","2,357.1",""
"2014","PL214","HAB_KM2","174.8",""
"2014","PL217","HAB_KM2","175.8",""
"2014","PL218","HAB_KM2","150.8",""
"2014","PL219","HAB_KM2","127.5",""
"2014","PL21A","HAB_KM2","276.2",""
"2014","PL224","HAB_KM2","171.3",""
"2014","PL225","HAB_KM2","285.1",""
"2014","PL227","HAB_KM2","472.9",""
"2014","PL228","HAB_KM2","280.1",""
"2014","PL229","HAB_KM2","543.8",""
"2014","PL22A","HAB_KM2","1,980.8",""
"2014","PL22B","HAB_KM2","388.7",""
"2014","PL22C","HAB_KM2","432.9",""
"2014","PL311","HAB_KM2","51.4",""
"2014","PL312","HAB_KM2","68.4",""
"2014","PL314","HAB_KM2","169.3",""
"2014","PL315","HAB_KM2","86.9",""
"2014","PL323","HAB_KM2","87.0",""
"2014","PL324","HAB_KM2","91.6",""
"2014","PL325","HAB_KM2","175.1",""
"2014","PL326","HAB_KM2","136.6",""
"2014","PL331","HAB_KM2","153.3",""
"2014","PL332","HAB_KM2","73.1",""
"2014","PL343","HAB_KM2","98.8",""
"2014","PL344","HAB_KM2","44.9",""
"2014","PL345","HAB_KM2","44.2",""
"2014","PL411","HAB_KM2","64.0",""
"2014","PL414","HAB_KM2","104.1",""
"2014","PL415","HAB_KM2","2,118.6",""
"2014","PL416","HAB_KM2","115.8",""
"2014","PL417","HAB_KM2","93.0",""
"2014","PL418","HAB_KM2","127.0",""
"2014","PL424","HAB_KM2","1,738.6",""
"2014","PL426","HAB_KM2","82.4",""
"2014","PL427","HAB_KM2","42.6",""
"2014","PL428","HAB_KM2","69.1",""
"2014","PL431","HAB_KM2","63.5",""
"2014","PL432","HAB_KM2","80.4",""
"2014","PL514","HAB_KM2","2,193.4",""
"2014","PL515","HAB_KM2","101.9",""
"2014","PL516","HAB_KM2","130.0",""
"2014","PL517","HAB_KM2","158.7",""
"2014","PL518","HAB_KM2","89.7",""
"2014","PL523","HAB_KM2","91.7",""
"2014","PL524","HAB_KM2","111.5",""
"2014","PL613","HAB_KM2","269.5",""
"2014","PL616","HAB_KM2","97.5",""
"2014","PL617","HAB_KM2","92.8",""
"2014","PL618","HAB_KM2","57.0",""
"2014","PL619","HAB_KM2","101.7",""
"2014","PL621","HAB_KM2","73.9",""
"2014","PL622","HAB_KM2","61.2",""
"2014","PL623","HAB_KM2","48.4",""
"2014","PL633","HAB_KM2","1,847.4",""
"2014","PL634","HAB_KM2","130.8",""
"2014","PL636","HAB_KM2","64.8",""
"2014","PL637","HAB_KM2","55.6",""
"2014","PL638","HAB_KM2","106.1",""
"2014","PL711","HAB_KM2","2,413.1",""
"2014","PL712","HAB_KM2","174.1",""
"2014","PL713","HAB_KM2","99.6",""
"2014","PL714","HAB_KM2","79.7",""
"2014","PL715","HAB_KM2","90.0",""
"2014","PL721","HAB_KM2","152.8",""
"2014","PL722","HAB_KM2","73.2",""
"2014","PL811","HAB_KM2","51.4",""
"2014","PL812","HAB_KM2","68.4",""
"2014","PL814","HAB_KM2","169.4",""
"2014","PL815","HAB_KM2","87.1",""
"2014","PL821","HAB_KM2","86.4",""
"2014","PL822","HAB_KM2","91.6",""
"2014","PL823","HAB_KM2","174.4",""
"2014","PL824","HAB_KM2","136.4",""
"2014","PL841","HAB_KM2","98.2",""
"2014","PL842","HAB_KM2","44.8",""
"2014","PL843","HAB_KM2","44.0",""
"2014","PL911","HAB_KM2","3,410.0",""
"2014","PL912","HAB_KM2","198.9",""
"2014","PL913","HAB_KM2","251.6",""
"2014","PL921","HAB_KM2","107.7",""
"2014","PL922","HAB_KM2","65.4",""
"2014","PL923","HAB_KM2","100.6",""
"2014","PL924","HAB_KM2","59.5",""
"2014","PL925","HAB_KM2","69.9",""
"2014","PL926","HAB_KM2","103.3",""
"2014","PT111","HAB_KM2","107.7",""
"2014","PT112","HAB_KM2","327.6",""
"2014","PT119","HAB_KM2","290.1",""
"2014","PT11A","HAB_KM2","850.6",""
"2014","PT11B","HAB_KM2","31.1",""
"2014","PT11C","HAB_KM2","233.0",""
"2014","PT11D","HAB_KM2","49.2",""
"2014","PT11E","HAB_KM2","20.4",""
"2014","PT150","HAB_KM2","88.4",""
"2014","PT16B","HAB_KM2","161.8",""
"2014","PT16D","HAB_KM2","215.8",""
"2014","PT16E","HAB_KM2","102.9",""
"2014","PT16F","HAB_KM2","118.5",""
"2014","PT16G","HAB_KM2","80.6",""
"2014","PT16H","HAB_KM2","18.4",""
"2014","PT16I","HAB_KM2","71.9",""
"2014","PT16J","HAB_KM2","35.7",""
"2014","PT170","HAB_KM2","931.5",""
"2014","PT181","HAB_KM2","18.2",""
"2014","PT184","HAB_KM2","14.4",""
"2014","PT185","HAB_KM2","57.3",""
"2014","PT186","HAB_KM2","18.6",""
"2014","PT187","HAB_KM2","21.8",""
"2014","PT200","HAB_KM2","106.3",""
"2014","PT300","HAB_KM2","324.6",""
"2014","RO111","HAB_KM2","77.3",""
"2014","RO112","HAB_KM2","53.7",""
"2014","RO113","HAB_KM2","106.3",""
"2014","RO114","HAB_KM2","75.4",""
"2014","RO115","HAB_KM2","78.2",""
"2014","RO116","HAB_KM2","57.7",""
"2014","RO121","HAB_KM2","54.5",""
"2014","RO122","HAB_KM2","103.9",""
"2014","RO123","HAB_KM2","56.5",""
"2014","RO124","HAB_KM2","47.0",""
"2014","RO125","HAB_KM2","82.3",""
"2014","RO126","HAB_KM2","74.5",""
"2014","RO211","HAB_KM2","93.6",""
"2014","RO212","HAB_KM2","82.8",""
"2014","RO213","HAB_KM2","146.9",""
"2014","RO214","HAB_KM2","79.5",""
"2014","RO215","HAB_KM2","74.9",""
"2014","RO216","HAB_KM2","74.4",""
"2014","RO221","HAB_KM2","69.5",""
"2014","RO222","HAB_KM2","73.2",""
"2014","RO223","HAB_KM2","103.0",""
"2014","RO224","HAB_KM2","121.5",""
"2014","RO225","HAB_KM2","41.2",""
"2014","RO226","HAB_KM2","70.9",""
"2014","RO311","HAB_KM2","89.4",""
"2014","RO312","HAB_KM2","62.4",""
"2014","RO313","HAB_KM2","129.6",""
"2014","RO314","HAB_KM2","82.0",""
"2014","RO315","HAB_KM2","62.1",""
"2014","RO316","HAB_KM2","162.0",""
"2014","RO317","HAB_KM2","64.6",""
"2014","RO321","HAB_KM2","10,050.1",""
"2014","RO322","HAB_KM2","269.6",""
"2014","RO411","HAB_KM2","90.0",""
"2014","RO412","HAB_KM2","60.0",""
"2014","RO413","HAB_KM2","54.2",""
"2014","RO414","HAB_KM2","79.2",""
"2014","RO415","HAB_KM2","64.6",""
"2014","RO421","HAB_KM2","56.1",""
"2014","RO422","HAB_KM2","34.1",""
"2014","RO423","HAB_KM2","57.9",""
"2014","RO424","HAB_KM2","81.3",""
"2014","SI031","HAB_KM2","88.1",""
"2014","SI032","HAB_KM2","150.8",""
"2014","SI033","HAB_KM2","69.1",""
"2014","SI034","HAB_KM2","111.0",""
"2014","SI035","HAB_KM2","120.1",""
"2014","SI036","HAB_KM2","78.8",""
"2014","SI037","HAB_KM2","53.4",""
"2014","SI038","HAB_KM2","36.6",""
"2014","SI041","HAB_KM2","228.9",""
"2014","SI042","HAB_KM2","96.0",""
"2014","SI043","HAB_KM2","51.1",""
"2014","SI044","HAB_KM2","108.2",""
"2014","SK010","HAB_KM2","302.9",""
"2014","SK021","HAB_KM2","134.6",""
"2014","SK022","HAB_KM2","131.5",""
"2014","SK023","HAB_KM2","108.1",""
"2014","SK031","HAB_KM2","101.4",""
"2014","SK032","HAB_KM2","69.4",""
"2014","SK041","HAB_KM2","91.3",""
"2014","SK042","HAB_KM2","117.7",""
"2014","FI193","HAB_KM2","16.5",""
"2014","FI194","HAB_KM2","14.4",""
"2014","FI195","HAB_KM2","23.3",""
"2014","FI196","HAB_KM2","28.7",""
"2014","FI197","HAB_KM2","39.9",""
"2014","FI1B1","HAB_KM2","175.3",""
"2014","FI1C1","HAB_KM2","44.3",""
"2014","FI1C2","HAB_KM2","33.7",""
"2014","FI1C3","HAB_KM2","39.5",""
"2014","FI1C4","HAB_KM2","35.0",""
"2014","FI1C5","HAB_KM2","24.8",""
"2014","FI1D1","HAB_KM2","10.7",""
"2014","FI1D2","HAB_KM2","14.8",""
"2014","FI1D3","HAB_KM2","9.3",""
"2014","FI1D4","HAB_KM2","3.7",""
"2014","FI1D5","HAB_KM2","13.7",""
"2014","FI1D6","HAB_KM2","11.4",""
"2014","FI1D7","HAB_KM2","2.0",""
"2014","FI1D8","HAB_KM2","3.8",""
"2014","FI1D9","HAB_KM2","11.1",""
"2014","FI200","HAB_KM2","18.6",""
"2014","SE110","HAB_KM2","334.1",""
"2014","SE121","HAB_KM2","42.4",""
"2014","SE122","HAB_KM2","45.9",""
"2014","SE123","HAB_KM2","41.7",""
"2014","SE124","HAB_KM2","33.7",""
"2014","SE125","HAB_KM2","50.9",""
"2014","SE211","HAB_KM2","32.8",""
"2014","SE212","HAB_KM2","22.3",""
"2014","SE213","HAB_KM2","21.0",""
"2014","SE214","HAB_KM2","18.3",""
"2014","SE221","HAB_KM2","52.4",""
"2014","SE224","HAB_KM2","116.8",""
"2014","SE231","HAB_KM2","56.9",""
"2014","SE232","HAB_KM2","68.2",""
"2014","SE311","HAB_KM2","15.7",""
"2014","SE312","HAB_KM2","9.9",""
"2014","SE313","HAB_KM2","15.4",""
"2014","SE321","HAB_KM2","11.3",""
"2014","SE322","HAB_KM2","2.6",""
"2014","SE331","HAB_KM2","4.8",""
"2014","SE332","HAB_KM2","2.6",""
"2014","UKC11","HAB_KM2","963.6",""
"2014","UKC12","HAB_KM2","917.7",""
"2014","UKC13","HAB_KM2","536.2",""
"2014","UKC14","HAB_KM2","232.5",""
"2014","UKC21","HAB_KM2","63.2",""
"2014","UKC22","HAB_KM2","2,087.3",""
"2014","UKC23","HAB_KM2","2,012.6",""
"2014","UKD11","HAB_KM2","114.2",""
"2014","UKD12","HAB_KM2","56.1",""
"2014","UKD33","HAB_KM2","4,485.3",""
"2014","UKD34","HAB_KM2","2,333.4",""
"2014","UKD35","HAB_KM2","2,215.3",""
"2014","UKD36","HAB_KM2","1,835.3",""
"2014","UKD37","HAB_KM2","1,571.6",""
"2014","UKD41","HAB_KM2","1,077.1",""
"2014","UKD42","HAB_KM2","4,043.0",""
"2014","UKD44","HAB_KM2","290.2",""
"2014","UKD45","HAB_KM2","383.0",""
"2014","UKD46","HAB_KM2","664.1",""
"2014","UKD47","HAB_KM2","406.4",""
"2014","UKD61","HAB_KM2","1,143.5",""
"2014","UKD62","HAB_KM2","321.1",""
"2014","UKD63","HAB_KM2","362.6",""
"2014","UKD71","HAB_KM2","1,490.5",""
"2014","UKD72","HAB_KM2","4,251.1",""
"2014","UKD73","HAB_KM2","1,788.0",""
"2014","UKD74","HAB_KM2","2,046.1",""
"2014","UKE11","HAB_KM2","3,606.3",""
"2014","UKE12","HAB_KM2","139.9",""
"2014","UKE13","HAB_KM2","317.2",""
"2014","UKE21","HAB_KM2","749.4",""
"2014","UKE22","HAB_KM2","75.3",""
"2014","UKE31","HAB_KM2","678.0",""
"2014","UKE32","HAB_KM2","1,533.2",""
"2014","UKE41","HAB_KM2","1,440.2",""
"2014","UKE42","HAB_KM2","1,388.8",""
"2014","UKE44","HAB_KM2","824.9",""
"2014","UKE45","HAB_KM2","980.0",""
"2014","UKF11","HAB_KM2","3,235.2",""
"2014","UKF12","HAB_KM2","559.8",""
"2014","UKF13","HAB_KM2","244.1",""
"2014","UKF14","HAB_KM2","4,216.3",""
"2014","UKF15","HAB_KM2","312.2",""
"2014","UKF16","HAB_KM2","559.4",""
"2014","UKF21","HAB_KM2","4,620.6",""
"2014","UKF22","HAB_KM2","286.1",""
"2014","UKF24","HAB_KM2","280.1",""
"2014","UKF25","HAB_KM2","332.3",""
"2014","UKF30","HAB_KM2","123.5",""
"2014","UKG11","HAB_KM2","86.1",""
"2014","UKG12","HAB_KM2","330.9",""
"2014","UKG13","HAB_KM2","279.7",""
"2014","UKG21","HAB_KM2","585.5",""
"2014","UKG22","HAB_KM2","97.2",""
"2014","UKG23","HAB_KM2","2,685.5",""
"2014","UKG24","HAB_KM2","328.1",""
"2014","UKG31","HAB_KM2","4,115.5",""
"2014","UKG32","HAB_KM2","1,178.5",""
"2014","UKG33","HAB_KM2","3,403.0",""
"2014","UKG36","HAB_KM2","3,220.5",""
"2014","UKG37","HAB_KM2","3,698.1",""
"2014","UKG38","HAB_KM2","2,635.0",""
"2014","UKG39","HAB_KM2","3,648.8",""
"2014","UKH11","HAB_KM2","555.5",""
"2014","UKH12","HAB_KM2","208.5",""
"2014","UKH14","HAB_KM2","195.3",""
"2014","UKH15","HAB_KM2","470.9",""
"2014","UKH16","HAB_KM2","105.3",""
"2014","UKH17","HAB_KM2","119.2",""
"2014","UKH21","HAB_KM2","4,852.1",""
"2014","UKH23","HAB_KM2","702.1",""
"2014","UKH24","HAB_KM2","344.2",""
"2014","UKH25","HAB_KM2","374.4",""
"2014","UKH31","HAB_KM2","4,263.7",""
"2014","UKH32","HAB_KM2","1,002.3",""
"2014","UKH34","HAB_KM2","368.7",""
"2014","UKH35","HAB_KM2","293.6",""
"2014","UKH36","HAB_KM2","364.2",""
"2014","UKH37","HAB_KM2","1,089.3",""
"2014","UKI31","HAB_KM2","9,713.2",""
"2014","UKI32","HAB_KM2","10,990.2",""
"2014","UKI33","HAB_KM2","11,710.0",""
"2014","UKI34","HAB_KM2","9,306.3",""
"2014","UKI41","HAB_KM2","10,755.2",""
"2014","UKI42","HAB_KM2","14,207.3",""
"2014","UKI43","HAB_KM2","11,047.0",""
"2014","UKI44","HAB_KM2","9,270.8",""
"2014","UKI45","HAB_KM2","11,728.4",""
"2014","UKI51","HAB_KM2","4,712.0",""
"2014","UKI52","HAB_KM2","3,004.3",""
"2014","UKI53","HAB_KM2","5,911.4",""
"2014","UKI54","HAB_KM2","4,006.0",""
"2014","UKI61","HAB_KM2","2,144.3",""
"2014","UKI62","HAB_KM2","4,383.4",""
"2014","UKI63","HAB_KM2","4,799.2",""
"2014","UKI71","HAB_KM2","4,294.9",""
"2014","UKI72","HAB_KM2","7,446.2",""
"2014","UKI73","HAB_KM2","6,126.3",""
"2014","UKI74","HAB_KM2","3,230.2",""
"2014","UKI75","HAB_KM2","4,043.4",""
"2014","UKJ11","HAB_KM2","702.1",""
"2014","UKJ12","HAB_KM2","842.4",""
"2014","UKJ13","HAB_KM2","333.0",""
"2014","UKJ14","HAB_KM2","256.9",""
"2014","UKJ21","HAB_KM2","3,397.1",""
"2014","UKJ22","HAB_KM2","316.2",""
"2014","UKJ25","HAB_KM2","776.5",""
"2014","UKJ26","HAB_KM2","586.0",""
"2014","UKJ27","HAB_KM2","408.4",""
"2014","UKJ28","HAB_KM2","428.0",""
"2014","UKJ31","HAB_KM2","5,155.3",""
"2014","UKJ32","HAB_KM2","4,861.5",""
"2014","UKJ34","HAB_KM2","366.2",""
"2014","UKJ35","HAB_KM2","1,914.1",""
"2014","UKJ36","HAB_KM2","210.2",""
"2014","UKJ37","HAB_KM2","407.8",""
"2014","UKJ41","HAB_KM2","1,422.0",""
"2014","UKJ43","HAB_KM2","636.5",""
"2014","UKJ44","HAB_KM2","477.9",""
"2014","UKJ45","HAB_KM2","292.2",""
"2014","UKJ46","HAB_KM2","381.0",""
"2014","UKK11","HAB_KM2","4,052.3",""
"2014","UKK12","HAB_KM2","543.3",""
"2014","UKK13","HAB_KM2","230.6",""
"2014","UKK14","HAB_KM2","938.3",""
"2014","UKK15","HAB_KM2","148.8",""
"2014","UKK21","HAB_KM2","3,058.3",""
"2014","UKK22","HAB_KM2","164.7",""
"2014","UKK23","HAB_KM2","157.2",""
"2014","UKK30","HAB_KM2","153.9",""
"2014","UKK41","HAB_KM2","3,259.7",""
"2014","UKK42","HAB_KM2","2,116.7",""
"2014","UKK43","HAB_KM2","116.5",""
"2014","UKL11","HAB_KM2","98.5",""
"2014","UKL12","HAB_KM2","48.1",""
"2014","UKL13","HAB_KM2","107.5",""
"2014","UKL14","HAB_KM2","66.5",""
"2014","UKL15","HAB_KM2","552.5",""
"2014","UKL16","HAB_KM2","666.4",""
"2014","UKL17","HAB_KM2","407.2",""
"2014","UKL18","HAB_KM2","635.0",""
"2014","UKL21","HAB_KM2","230.6",""
"2014","UKL22","HAB_KM2","1,024.1",""
"2014","UKL23","HAB_KM2","307.6",""
"2014","UKL24","HAB_KM2","25.6",""
"2014","UKM21","HAB_KM2","118.1",""
"2014","UKM22","HAB_KM2","282.3",""
"2014","UKM23","HAB_KM2","182.1",""
"2014","UKM24","HAB_KM2","24.1",""
"2014","UKM25","HAB_KM2","1,871.0",""
"2014","UKM26","HAB_KM2","530.8",""
"2014","UKM27","HAB_KM2","32.3",""
"2014","UKM28","HAB_KM2","414.6",""
"2014","UKM31","HAB_KM2","323.0",""
"2014","UKM32","HAB_KM2","23.3",""
"2014","UKM33","HAB_KM2","147.7",""
"2014","UKM34","HAB_KM2","3,441.2",""
"2014","UKM35","HAB_KM2","580.3",""
"2014","UKM36","HAB_KM2","717.7",""
"2014","UKM37","HAB_KM2","92.1",""
"2014","UKM38","HAB_KM2","178.0",""
"2014","UKM50","HAB_KM2","75.3",""
"2014","UKM61","HAB_KM2","7.3",""
"2014","UKM62","HAB_KM2","25.7",""
"2014","UKM63","HAB_KM2","7.0",""
"2014","UKM64","HAB_KM2","8.9",""
"2014","UKM65","HAB_KM2","21.8",""
"2014","UKM66","HAB_KM2","15.8",""
"2014","UKM71","HAB_KM2","118.1",""
"2014","UKM72","HAB_KM2","282.1",""
"2014","UKM73","HAB_KM2","182.3",""
"2014","UKM75","HAB_KM2","1,874.1",""
"2014","UKM76","HAB_KM2","531.1",""
"2014","UKM77","HAB_KM2","32.2",""
"2014","UKM78","HAB_KM2","414.2",""
"2014","UKM81","HAB_KM2","323.7",""
"2014","UKM82","HAB_KM2","3,438.0",""
"2014","UKM83","HAB_KM2","581.3",""
"2014","UKM84","HAB_KM2","716.8",""
"2014","UKM91","HAB_KM2","24.1",""
"2014","UKM92","HAB_KM2","23.3",""
"2014","UKM93","HAB_KM2","147.6",""
"2014","UKM94","HAB_KM2","92.1",""
"2014","UKM95","HAB_KM2","178.0",""
"2014","UKN01","HAB_KM2","2,590.1",""
"2014","UKN02","HAB_KM2","472.6",""
"2014","UKN03","HAB_KM2","142.8",""
"2014","UKN04","HAB_KM2","90.6",""
"2014","UKN05","HAB_KM2","67.6",""
"2014","UKN06","HAB_KM2","2,441.6",""
"2014","UKN07","HAB_KM2","153.7",""
"2014","UKN08","HAB_KM2","104.3",""
"2014","UKN09","HAB_KM2","278.8",""
"2014","UKN10","HAB_KM2","119.1",""
"2014","UKN11","HAB_KM2","78.0",""
"2014","UKN12","HAB_KM2","71.7",""
"2014","UKN13","HAB_KM2","244.8",""
"2014","UKN14","HAB_KM2","273.9",""
"2014","UKN15","HAB_KM2","128.9",""
"2014","UKN16","HAB_KM2","40.1",""
"2014","IS001","HAB_KM2","213.2",""
"2014","IS002","HAB_KM2","1.2",""
"2014","LI000","HAB_KM2","235.7",""
"2014","NO011","HAB_KM2","1,504.9",""
"2014","NO012","HAB_KM2","126.7",""
"2014","NO021","HAB_KM2","7.5",""
"2014","NO022","HAB_KM2","7.9",""
"2014","NO031","HAB_KM2","73.6",""
"2014","NO032","HAB_KM2","19.8",""
"2014","NO033","HAB_KM2","112.5",""
"2014","NO034","HAB_KM2","12.4",""
"2014","NO041","HAB_KM2","13.7",""
"2014","NO042","HAB_KM2","26.9",""
"2014","NO043","HAB_KM2","53.9",""
"2014","NO051","HAB_KM2","35.0",""
"2014","NO052","HAB_KM2","6.2",""
"2014","NO053","HAB_KM2","18.0",""
"2014","NO061","HAB_KM2","17.3",""
"2014","NO062","HAB_KM2","6.5",""
"2014","NO071","HAB_KM2","6.7",""
"2014","NO072","HAB_KM2","6.5",""
"2014","NO073","HAB_KM2","1.6",""
"2014","CH011","HAB_KM2","267.6",""
"2014","CH012","HAB_KM2","63.2",""
"2014","CH013","HAB_KM2","1,925.9",""
"2014","CH021","HAB_KM2","172.1",""
"2014","CH022","HAB_KM2","188.5",""
"2014","CH023","HAB_KM2","332.2",""
"2014","CH024","HAB_KM2","246.7",""
"2014","CH025","HAB_KM2","86.0",""
"2014","CH031","HAB_KM2","5,134.0",""
"2014","CH032","HAB_KM2","541.0",""
"2014","CH033","HAB_KM2","459.3",""
"2014","CH040","HAB_KM2","864.5",""
"2014","CH051","HAB_KM2","58.3",""
"2014","CH052","HAB_KM2","265.3",""
"2014","CH053","HAB_KM2","221.8",""
"2014","CH054","HAB_KM2","91.7",""
"2014","CH055","HAB_KM2","253.1",""
"2014","CH056","HAB_KM2","27.5",""
"2014","CH057","HAB_KM2","303.6",""
"2014","CH061","HAB_KM2","274.6",""
"2014","CH062","HAB_KM2","34.0",""
"2014","CH063","HAB_KM2","178.6",""
"2014","CH064","HAB_KM2","76.3",""
"2014","CH065","HAB_KM2","173.8",""
"2014","CH066","HAB_KM2","575.1",""
"2014","CH070","HAB_KM2","127.1",""
"2014","ME000","HAB_KM2","45.0",""
"2014","MK001","HAB_KM2","37.9",""
"2014","MK002","HAB_KM2","50.2",""
"2014","MK003","HAB_KM2","65.9",""
"2014","MK004","HAB_KM2","63.3",""
"2014","MK005","HAB_KM2","49.1",""
"2014","MK006","HAB_KM2","132.0",""
"2014","MK007","HAB_KM2","76.2",""
"2014","MK008","HAB_KM2","339.7",""
"2014","TR100","HAB_KM2","2,746.1",""
"2014","TR211","HAB_KM2","141.1",""
"2014","TR212","HAB_KM2","65.8",""
"2014","TR213","HAB_KM2","54.5",""
"2014","TR221","HAB_KM2","82.2",""
"2014","TR222","HAB_KM2","51.0",""
"2014","TR310","HAB_KM2","340.2",""
"2014","TR321","HAB_KM2","131.4",""
"2014","TR322","HAB_KM2","83.1",""
"2014","TR323","HAB_KM2","68.5",""
"2014","TR331","HAB_KM2","104.1",""
"2014","TR332","HAB_KM2","49.4",""
"2014","TR333","HAB_KM2","47.7",""
"2014","TR334","HAB_KM2","65.2",""
"2014","TR411","HAB_KM2","265.2",""
"2014","TR412","HAB_KM2","58.2",""
"2014","TR413","HAB_KM2","48.7",""
"2014","TR421","HAB_KM2","470.5",""
"2014","TR422","HAB_KM2","191.2",""
"2014","TR423","HAB_KM2","137.7",""
"2014","TR424","HAB_KM2","34.2",""
"2014","TR425","HAB_KM2","263.3",""
"2014","TR510","HAB_KM2","207.9",""
"2014","TR521","HAB_KM2","53.9",""
"2014","TR522","HAB_KM2","27.0",""
"2014","TR611","HAB_KM2","105.7",""
"2014","TR612","HAB_KM2","50.5",""
"2014","TR613","HAB_KM2","37.6",""
"2014","TR621","HAB_KM2","155.0",""
"2014","TR622","HAB_KM2","110.9",""
"2014","TR631","HAB_KM2","259.3",""
"2014","TR632","HAB_KM2","75.4",""
"2014","TR633","HAB_KM2","161.0",""
"2014","TR711","HAB_KM2","60.2",""
"2014","TR712","HAB_KM2","50.7",""
"2014","TR713","HAB_KM2","46.8",""
"2014","TR714","HAB_KM2","53.1",""
"2014","TR715","HAB_KM2","35.1",""
"2014","TR721","HAB_KM2","76.8",""
"2014","TR722","HAB_KM2","21.8",""
"2014","TR723","HAB_KM2","31.2",""
"2014","TR811","HAB_KM2","181.7",""
"2014","TR812","HAB_KM2","56.2",""
"2014","TR813","HAB_KM2","91.0",""
"2014","TR821","HAB_KM2","28.0",""
"2014","TR822","HAB_KM2","25.0",""
"2014","TR823","HAB_KM2","35.3",""
"2014","TR831","HAB_KM2","139.4",""
"2014","TR832","HAB_KM2","60.1",""
"2014","TR833","HAB_KM2","41.4",""
"2014","TR834","HAB_KM2","56.6",""
"2014","TR901","HAB_KM2","163.5",""
"2014","TR902","HAB_KM2","122.3",""
"2014","TR903","HAB_KM2","62.6",""
"2014","TR904","HAB_KM2","83.9",""
"2014","TR905","HAB_KM2","23.0",""
"2014","TR906","HAB_KM2","22.4",""
"2014","TRA11","HAB_KM2","30.2",""
"2014","TRA12","HAB_KM2","19.1",""
"2014","TRA13","HAB_KM2","20.9",""
"2014","TRA21","HAB_KM2","48.0",""
"2014","TRA22","HAB_KM2","29.5",""
"2014","TRA23","HAB_KM2","53.3",""
"2014","TRA24","HAB_KM2","21.0",""
"2014","TRB11","HAB_KM2","65.0",""
"2014","TRB12","HAB_KM2","67.2",""
"2014","TRB13","HAB_KM2","32.2",""
"2014","TRB14","HAB_KM2","11.6",""
"2014","TRB21","HAB_KM2","55.8",""
"2014","TRB22","HAB_KM2","51.1",""
"2014","TRB23","HAB_KM2","48.1",""
"2014","TRB24","HAB_KM2","38.3",""
"2014","TRC11","HAB_KM2","273.8",""
"2014","TRC12","HAB_KM2","85.0",""
"2014","TRC13","HAB_KM2","90.1",""
"2014","TRC21","HAB_KM2","97.2",""
"2014","TRC22","HAB_KM2","107.7",""
"2014","TRC31","HAB_KM2","89.1",""
"2014","TRC32","HAB_KM2","118.6",""
"2014","TRC33","HAB_KM2","67.4",""
"2014","TRC34","HAB_KM2","57.8",""
